주장,유형,근거,판정
"ledger 지연 발생 시 점검 대상 후보는 shop, order, pay, notify이며, 이는 서비스 간 도달 가능성에 따른 전파 후보일 뿐 실제 장애 확정과 다릅니다. 미결제 주문이 출고되는 문제를 방지하기 위해 주문 서비스(order)가 결제 서비스(pay)를 동기로 호출하여 승인을 확인한 뒤 주문을 확정하므로, 원장(ledger) 지연 시 결제 및 주문 확정이 지연될 수 있습니다.",원문 사실,"ADR-07·v1·§1, ADR-07·v1·§2","미결제 주문 출고 방지를 위한 동기 호출 및 주문 확정 구조와 원장 지연 시 결제 및 주문 확정이 함께 지연된다는 설명이 ADR-07 v1 원문과 일치함."
"S1b/candidate-v1 규칙에 따라 notify는 notify → order → pay → ledger 경로를 거치며 사실 ID F04, F02, F03 경로로 연결되는 점검 대상 후보로 도출됩니다.",규칙 결론,S1b/candidate-v1/F04->F02->F03,"S1b 스냅샷의 candidate-v1 규칙에 따른 notify → order → pay → ledger 도달 가능성 및 사실 ID(F04, F02, F03) 경로 추론 결과와 일치함."
"고객경험플랫폼팀이 알림 워커(notify)를 운영하며 GET /v1/orders/{order_id}/status API를 호출하고, RUN-02 §2에 따라 상태 조회 타임아웃 시 알림 발송을 보류하고 재시도 간격을 늘리되 알림 처리 오류로 주문 상태를 변경하거나 확정 주문을 취소하지 않습니다.",원문 사실,"RUN-02·v1·§1, RUN-02·v1·§2, RUN-02·v1·§3","RUN-02 v1 원문의 알림 워커 운영, 상태 조회 API 경로, 타임아웃 시 보류/재시도 처리 및 알림 오류의 주문/결제 격리 조건과 일치함."
"INC-03 사례의 4,900건 중 186건은 승인 실패가 아닌 주문 확정 지연에 해당하며, 당시 신규 영향 25분과 대사 완료 42분은 과거 관측 기록일 뿐 미래의 복구 시간을 보장하지 않습니다.",원문 사실,"INC-03·v1·§1, INC-03·v1·§3","INC-03 v1 장애 보고서의 4,900건 중 186건 주문 확정 지연 관측치 및 타임라인 기록(신규 25분, 대사 42분) 설명과 일치함."
"OPS-04 §1 및 §2에 명시된 판단 근거에 따라 원장 저장 타임아웃이 5분 이상 지속되고 PG 승인 내역과 원장 기록의 불일치가 확인되면, 결제정산팀 당직자와 장애 대응 책임자의 승인을 받아 영향 가맹점(merchant_id)의 결제 대사 큐 소비만 일시 중지하고 PG 승인 API 및 다른 가맹점의 대사는 정상 운영합니다.",원문 사실,"OPS-04·v1·§1, OPS-04·v1·§2","OPS-04 v1 매뉴얼의 대사 중지 검토 진입 조건(타임아웃 5분 이상 및 불일치), 당직자/책임자 승인 절차, 영향 가맹점 큐만 중지하고 PG 승인 API는 정상 운영하는 조치 범위와 일치함."
"장애 대응 시 커머스플랫폼팀 및 결제정산팀과 협조하여 큐 대기 건수와 상태 조회 오류를 우선 점검하고 규정된 승인 절차에 따라 대사 큐 중지 범위를 제어할 것을 제안합니다.",제안,"ARCH-01·v1·§3, RUN-02·v1·§3","ARCH-01 v1 및 RUN-02 v1의 팀별 운영 담당과 지연 대응 절차에 기반한 적절하고 타당한 운영 제안임."
"현재 지표, 불일치 여부, 영향 가맹점 목록, 실행 승인 기록, 향후 복구 시각 및 현재 조건의 충족 여부는 모두 미확인 상태입니다.",현재 미확인,미확인,"현재 지표, 불일치 여부, 영향 가맹점, 승인 기록, 향후 복구 시각 등이 evidence_bundle.json의 gaps 항목과 일치하여 미확인 상태임을 올바르게 표시함."
notify는 결제 실패,과잉 해석,RUN-02·v1·§2,"과잉 해석임. RUN-02 v1 §2에 따르면 알림 처리 오류로 주문 상태를 변경하거나 결제를 취소하지 않으며 상태 조회 타임아웃 시 알림 발송을 보류하고 재시도함. (수정: notify 장애는 결제 실패가 아니라 알림 보류 및 재시도 대상임)"
모든 주문이 25분 중단,과잉 해석,"INC-03·v1·§1, INC-03·v1·§3","과잉 해석임. INC-03 v1 §1, §3에 따르면 전체 주문 중단이 아니라 카드 결제 주문 4,900건 중 186건의 주문 확정이 지연된 것이며 신규 주문 처리 지연 지속 시간이 25분임. (수정: 4,900건 중 186건 주문 확정 지연 및 신규 주문 처리 지연 25분 지속)"
전체 결제 재시도 즉시 중지,과잉 해석,"OPS-04·v1·§1, OPS-04·v1·§2","과잉 해석임. OPS-04 v1 §1, §2에 따르면 즉시 중지가 아니라 5분 이상 타임아웃 및 불일치 확인 후 승인을 받아 영향 가맹점의 대사 큐 소비만 일시 중지하며 PG 승인 API와 타 가맹점 대사는 정상 운영함. (수정: 5분 이상 지연 및 승인 후 영향 가맹점 대사 큐만 중지하고 PG 승인 API는 정상 운영)"
